Book Name,Author,Year,Book ID
‘The India Story’,Bimal Jalal,2022,a1362542-edc1-44fc-a1bd-090cdfb9dfe0
‘Listen to Your Heart: The London Adventure’,Ruskin Bond,2022,8e2ac335-58f8-4669-9d1e-ebc56742d49d
‘Business of Sports: The Winning Formula for Success’,Vinit Karnik,2022,6f71f0b8-d3dd-4cb2-a73c-f28cee44e7fc
‘A Place Called Home’,Preeti Shenoy,2022,f8873fd7-53c3-4033-8b2a-eed7804933d0
‘Modi @20: Dreams Meeting Delivery’,VP Venkaiah Naidu,2022,d801b318-8be9-4e89-a1f7-204d030ec524
'The Struggle for Police Reforms in India',Ex-IPS Prakash Singh,2022,21d96797-76a8-484e-95e3-0b250b1da479
‘INDO-PAK WAR 1971- Reminiscences of Air Warriors’,Rajnath Singh,2022,5e8db89d-b6fb-4855-b155-bc6aca86a37c
"‘Leaders, Politicians, Citizens’",Rasheed Kidwai,2022,7bf10620-f810-4b3c-989f-d9407cd83b96
‘Birsa Munda – Janjatiya Nayak’,Prof. Alok Chakrawal,2022,5fcd05d0-290a-4e98-a3ed-f487f75b7b0d
Lal Salam,Smriti Irani,2022,fa4d62ff-fea9-40de-bb60-7a2cf9ea4a18
"Pride, Prejudice and Punditry",Shashi Tharoor,2022,8164df21-9b1e-41f1-9ffc-f9e5d2c49d96
“Crunch Time: Narendra Modi’s National Security Crises”,Dr Sreeram Chauliahas,2022,ac793d70-631a-4b55-9a89-b3d987e678b8
“Queen of Fire”,Devika Rangachari,2022,3cfb34e2-d248-4a07-bd13-64e9256ebfe5
“Birsa Munda – Janjatiya Nayak”,Dharmendra Pradhan,2022,c6deb06a-a748-4d41-aa7f-4cd24ec5a837
“Decoding Indian Babudom”,Ashwini Shrivastava,2022,97ce1662-9cd4-47d2-bb51-aea251c2942c
‘The Maverick Effect’,Harish Mehta,2022,9137ac64-ca30-459e-a06e-a11ecaf50401
"“Tiger of Drass: Capt. Anuj Nayyar, 23, Kargil Hero”",Meena Nayyar & Himmat Singh Shekhawat,2022,b495634a-23f4-4741-9d8f-3b600276e5ed
‘Hear Yourself’,Indian Author Prem Rawat,2022,4ace870b-50de-4d25-97d3-342bedec0b93
‘Not Just A Nightwatchman: My Innings with BCCI’,Former CAG Vinod Rai,2022,062512aa-5b6c-4afc-b65f-e1a8fac9093e
“The Boy Who Wrote a Constitution ”,Rajesh Talwar,2022,372e1319-e641-4c89-ae18-7a3f88b24da3
“The Magic of Mangalajodi” & “My Research Works on Sikh History and Philosophy”,Avinash Khemka & Abinash Mahapatra,2022,769c2162-2e08-43a9-81a1-0fa0ca1ac35e
‘Chinese Spies: From Chairman Mao to Xi Jinping’,Roger Faligot,2022,9f7f15db-4f95-4785-8f91-8c7a7946dc21
'Amit Shah Ani Bhajapachi Vatchal',Dr Anirban Ganguly and Shiwanand Dwivedi,2022,c4fac3de-3597-4301-a431-87d78c9d9fdb
‘The Millennial Yogi: A modern-day parable about reclaiming one’s life’,"Former Indian Army Captain, Deepam Chatterjee",2022,619e3974-db31-4c46-85e9-14dcfd080d5c
‘Udaan Ek Majdoor Bachhe Ki’,Mithilesh Tiwari,2022,58cb6f09-83fb-42f3-9e1e-e0d839410024
Ungalil Oruvan (One Among You),Chief minister MK Stalin’s,2022,fa0acf65-ad5a-4812-a055-d120a2371c80
‘The Queen of Indian Pop: The Authorised Biography of Usha Uthup’,Vikas Kumar Jha,2022,aeac798d-55b2-41df-935d-c6f1b11025de
‘The Blue Book: A Writer’s Journal,Amitava Kumar,2022,fac0b2d6-f186-4254-a40a-a0f48e4f6ec0
‘Role of Labour in India’s Development’,Labour Minister Bhupendra Yadav,2022,09ed5afa-9073-4f15-a1a9-754c502b1f20
‘Soli Sorabjee: Life and Times’,Abhinav Chandrachud,2022,46342229-24a6-4fe3-8dbc-55384d759d6e
‘The Queen of Indian Pop’,Usha Uthup,2022,ad8e82f0-09a0-422c-b9e1-09a8cf376fc2
‘On Board: My Years in BCCI’,Ratnakar Shetty’s,2022,7be50f03-1618-494e-aad3-d24fb2ab537b
'Tomb of Sand',Geetanjali Shree’s,2022,a21012d8-8c84-4e09-9e9a-3a8fb6efadb0
‘Monsoon’,Sahitya Akademi,2022,c2837843-910e-4732-8079-aa785166a3e3
‘More than Just Surgery: Life Lessons Beyond the OT’,Dr Tehemton Erach Udwadia,2022,5dbb67c7-6ed6-4717-949d-95ef57529956
‘Wrist Assured: An Autobiography’,Former Cricketer G.R. Viswanath,2022,2e069d67-cfdd-4fcb-a94d-69604f0021c8
‘Unfilled Barrels India’s oil story’,Richa Mishra,2022,f3d69ce3-e0d1-4997-a838-918aea979a5e
‘The Little Book of Joy’,Dalai Lama & Desmond Tutu,2022,4e470a30-06f6-4603-b273-1b0fe9cd8a79
‘Spoorthi Pradatha Sri Somayya’,K Syam Prasad,2022,d012257b-a5db-49fa-bd9b-ff3a7314e8e8
‘Fearless Governance’,Dr. Kiran Bedi,2022,b84293df-4f60-48e9-b81b-739d6e132307
‘Operation Khatma’,RC Ganjoo and Ashwini Bhatnagar,2022,12e4c4cf-4735-47c4-a2ea-3892408809fe
"‘India, That is Bharat: Coloniality, Civilisation, Constitution’",J Sai Deepak,2022,cfc33db4-2715-4d22-95a0-df0c41b67f57
‘Golden Boy Neeraj Chopra’,Navdeep Singh Gill,2022,8ceed407-79d4-4d7d-b5c7-6d5666e3146e
‘Atal Bihari Vajpayee’,Sagarika Ghose,2022,cc1e39b9-7972-425f-bbfe-c011c8522da1
‘India–Africa Relations: Changing Horizons’,Rajiv Bhatia,2022,7d69a9ea-bdbd-46ff-97af-3e7064420547
‘How to Prevent the Next Pandemic’,Bill Gates,2022,b23727ba-10d1-486b-8b28-d3e748ff4d88
‘Humane: How the United States Abandoned Peace and Reinvented War’,Samuel Moyn,2022,bedfa29e-2577-473f-a52e-46485a4303b6
‘Dignity in a Digital Age: Making Tech Work for All of Us’,Ro Khanna,2022,1fd008eb-ec26-4fab-b8d0-6a33d53f2b3e
‘A History of Sriniketan: Rabindranath Tagore’s Pioneering Work in Rural Construction’,Uma Das Gupta,2022,0e2398a8-36fb-4c7f-85f1-e6bae2e07a31
‘A Nation To Protect’,Priyam Gandhi Mody,2022,3ec974ce-fd9f-4008-a1c4-b8e7b04b8ef9
‘The Founders: The Story of Paypal and the Entrepreneurs Who Shaped Silicon Valley’,Jimmy Soni,2022,5c503850-4610-487c-956b-d1af3721fa9a
‘The Great Tech Game: Shaping Geopolitics and the Destinies of Nations’,Anirudh Suri,2022,fe1920d5-698d-45d9-9c57-24af321b2234
‘Gandhi’s Assassin: The Making of Nathuram Godse and His Idea of India.,Dhirendra K. Jha,2022,bd86648a-ab4b-4694-96c7-6edc36b09a34
‘Mamata: Beyond 2021’,Jayanta Ghosal,2022,ec62f03a-3621-4e25-9791-5006e3212351
‘Ratan N. Tata: The Authorized Biography’,Dr. Thomas Matthew,2022,ed2b2eea-9838-4766-93b8-410a636a2c1a
"‘Indomitable: A Working Woman’s Notes on Life, Work, and Leadership’",Arundhati Bhattacharya,2022,7507b943-66ca-461d-bde5-2e8293326181
‘Bose: The untold story of an inconvenient nationalist’,Chandrachur Ghose,2022,d2816bfc-438a-43f8-93b0-fae4bef04690
'The Legend of Birsa Munda',Tuhin A Sinha and Ankita Verma,2022,14f4a038-72ce-418e-a01a-3186df53f43f
‘India’s Women Unsung Heroes’,Meenakshi Lekhi,2022,361e3786-66dc-4cef-81c0-7935a2c50d56
‘A Little Book of India: Celebrating 75 years of Independence’,Ruskin Bond,2022,4b80e38c-ad31-4637-89f0-eff0f89138cd
‘The $10 Trillion Dream’,Subhash Chandra Garg,2022,50895806-e50c-4c9f-a296-f4f3c66b509b
‘The Ambuja Story: How a Group of Ordinary Men Created an Extraordinary Company’,Narotam Sekhsaria,2021,3af23a3b-5cb1-4861-a2eb-a2a4c7642cd2
‘1971: Charge of the Gorkhas and other stories’,Rachna Bisht Rawat,2021,c2076e34-0f12-465e-897e-8876b9918f6a
Vahana Masterclass,Alfredo Covelli,2021,0e765b47-a88c-4c73-8aac-741596a3c5e8
India’s 71-Year Test: The Journey to Triumph in Australia,R. Kaushik,2021,082b0637-a46c-4529-9977-969c5951e9ad
Right Under Our Nose,R. Giridharan,2021,1707e3c9-2f7a-4ca3-b979-5da817efbbfc
Making of a General-A Himalayan Echo,Lt. Gen. Konsam Himalay Singh,2021,58a0a3e1-9cac-457a-8846-513bd3337a3d
The Commonwealth of Cricket,Ramachandra Guha,2021,3ae389bf-86cc-4046-b91a-a02e60f43ebf
Manohar Parrikar-Off the Record,Waman Subha Prabhu,2021,9ed05db5-2821-4253-bb47-b515b8096a0c
The Little Book of Encouragement,Dalai Lama,2021,8604fcd4-53a3-4622-8c9b-8c7bb5acf4b5
Beautiful Things’ A Memoir,Hunter Biden,2021,ad039c93-3001-4b36-b996-82fc2e265d10
By Many a Happy Accident: Recollections of a Life,Former Vice President Mohammad Hamid Ansari,2021,0da10dd5-3c56-4ab3-b7f9-0ea4aff2ba28
Platform Scale: For A Post-Pandemic World,Sangeet Paul Choudary,2021,6dc061b5-c39f-4caf-802d-e89dd73c2b7e
Unfinished,Priyanka Chopra Jonas,2021,d19bd252-8d7a-4297-b9c8-38f96faaf8bc
"The Terrible, Horrible, Very Bad Good News",Meghna Pant,2021,ad37f29e-3207-444e-8bb3-0f4021bed060
ASOCA: A Sutra,Irwin Allan Sealy,2021,ce6d1c83-19e6-4573-8891-f29bcf62893a
Maverick Messiah: A Political Biography of N T Rama Rao,Ramesh Kandula,2021,db026ad8-65cd-4964-887a-a0a4e137d79b
Rashtra Pratham - 82 Varshon ki Swarnim Gatha,Amit Shah,2021,d887e144-328e-41c8-80e9-921686503847
Stories I Must Tell: The Journey of an Actor,Kabir Bedi,2021,8d2a9d5a-db71-42c3-9f2a-e3678bcbbe81
Advantage India: The Story of Indian Tennis,Anindya Dutta,2021,9bf3f224-4038-43ba-98a3-99f285792248
Dynasty to Democracy: The Untold Story of Smriti Irani’s Triumph,Anant Vijay,2021,d3edeb1b-7f47-4bc7-b570-0604dbccb066
Battle Ready for 21st Century,Lt Gen AK Singh and Brig. Narendra Kumar,2021,f377ffe7-eb64-4efb-9e58-51a51509dc1b
My Experiments with Silence,Samir Soni,2021,e6e31976-89c7-4020-82a3-00ba1effe794
Names of the Women,Jeet Thayil,2021,12a34dfd-7ffe-4880-affe-88c815c234f1
Suparipalana,Dr. Shailendra Joshi,2021,30bd3527-bd05-4bc1-a750-997c5691fba5
"Manohar Parrikar: Brilliant Mind, Simple Life",Nitin Gokhale,2021,3eb0d64a-7147-41cd-90fa-de9471a8b167
Odisha Itihaas,Utkal Keshari Harekrushna Mahtab,2021,5e0e7a71-3e0f-449f-afe0-e5d4d350a02d
The Braille edition of the book Exam Warriors,PM Narendra Modi,2021,5abc5e11-098c-41b5-86e8-885300100afd
Believe-What Life and Cricket Taught Me,Suresh Raina,2021,3a5ee16f-2834-4d17-b3de-edd17e00cc2e
The Christmas Pig,JK Rowling,2021,d4c4c6c0-fffc-4c16-a5a1-4468277fd8c2
Whereabouts,Jhumpa Lahiri,2021,2e52f7ae-ff75-4efc-8d3a-8ace8db82878
The Living Mountain: A Fable for Our Times,Amitav Ghosh,2021,c8612426-7cf5-4697-8d04-e7c4eb62bfea
Climate Change Explained—For One and All,Aakash Ranison,2021,abeb9ffb-4b13-408f-9fab-f8559d6f1e1a
The Bench,Meghan Markle,2021,fca693ed-bce9-4703-b791-b2e07332aff8
Elephant in the Womb,Kalki Koechlin,2021,e7255347-6669-4da2-a5b9-d3ca39a5715a
Life in the Clock Tower Valley,Shakoor Rather,2021,6b4a086c-7275-4e9e-adea-3273f73d5436
Sikkim: A History of Intrigue and Alliance,Preet Mohan Singh Malik,2021,e982f242-c453-49a4-b641-8798a6a6cb07
"Nehru, Tibet and China",Avtar Singh Bhasin,2021,7e7ceaa2-4a0f-44be-8b75-c429efa4ea96
"India and Asian Geopolitics: The Past, Present",Shivshankar Menon,2021,e2d57a51-e92a-4b4c-b6ea-f26eb3a8ccee
Sach Kahun Toh,Neena Gupta,2021,eabb805a-ee04-4762-9fcc-986e794616d4
Stargazing: The Players in my Life,Ravi Shastri,2021,351de2a2-9fa6-4a96-a04f-68f4f305a1b8
Languages of Truth: Essays 2003-2020,Salman Rushdie,2021,b963e667-0c4b-4884-87b7-4db3a32ab364
Savarkar: A Contested Legacy (1924-1966),Vikram Sampath,2021,b0dacdd7-5d82-475e-a8de-ed5ada2a6bbd
7 Lessons from Everest - Expedition Learnings from life and Business,Aditya Gupta,2021,6fbe8425-af8a-47fa-8e74-9b0e6f498d03
1232km: The Long Journey Home,Vinod Kapri,2021,f656ec25-27df-46c2-b1b1-ac4d4e9902bd
Home in the World,Amartya Sen,2021,09fada99-557f-4815-8a4a-28e7d5b6d100
The Nutmeg’s Curse: Parables for a Planet in Crisis,Amitav Ghosh,2021,29075d99-2a2d-4785-91e2-cd6f5bf896f1
Beyond Here and Other Poems,Bishnupada Sethi,2021,f08df124-aa8a-4aa7-bc98-461a9b0fea7d
The 7 Sins of Being a Mother,Tahira Kashyap Khurrana,2021,1df25cfa-6e48-4b03-aefa-f9900a6ec532
Habba Khatoon,Kajal Suri,2021,7f01e50e-8177-4faa-9607-b6022c125860
Will,Will Smith and Mark Manson,2021,36734ca3-a757-4c3f-9e30-93352baaafa0
My Joys and Sorrows- as a Mother of a Special Child,Krishna Saksena,2021,3691a412-30b8-403c-a9d5-5c4c7dda69b4
It’s a Wonderful Life,Ruskin Bond,2021,84b06d7d-802a-41cc-99f7-db3ec70b3eb9
Fiercely Female: The Dutee Chand Story,Sundeep Mishra,2021,0a47fbdb-e3e5-4474-8cb5-8ce301e092bc
Policymaker’s Journal: From New Delhi to Washington DC,Kaushik Basu,2021,c2a20be5-3b60-437a-8cdd-cef69f6e15c4
Kashmiri Century: Portrait of a Society in Flux,Khemlata Wakhlu,2021,2c8c4a6b-3ebd-45ce-8adc-49ec28edb1c5
Lady Doctors: The Untold Stories of India’s First Women in Medicine,Kavitha Rao,2021,f14a2624-27fe-4b65-a67c-60b0a235b666
The Pregnancy Bible,Kareena Kapoor,2021,ec1becb9-c463-4eee-b0a3-a5d142023f85
The Art of Conjuring Alternate Realities: How Information Warfare Shapes Your World,Shivam Shankar Singh and Anand Venkatanarayanan,2021,5b402989-932c-4ff3-9ef9-6aa0bd1f0550
The Great Big Lion,Chryseis Knight,2021,79284884-40f0-45c0-812e-26b5f0a39d93
The India Story,Bimal Jalan,2021,c34e8622-6e82-418c-b36b-9cfe68fce0a2
The Stranger In The Mirror(Autobiography of Rakeysh Omprakash Mehra),Reeta Ramamurthy Gupta and Rakeysh Omprakash Mehra,2021,707e02f5-a2b8-4d91-98de-97679be0af70
Palleku Pattabhishekam,Yalamanchili Sivaji,2021,2f22dda9-b040-447c-a066-2c69db383d5b
Bank With A Soul: Equitas,Dr. C K Garyali,2021,f9db1ca6-9c45-48e0-9c77-2236e764248f
An Ordinary Life: Portrait of an Indian Generation,Ashok Lavasa,2021,d3155b7e-cf68-40e0-800d-4ab41c4ed2a1
In An Ideal World,Kunal Basu,2021,a14c2ac6-2019-4395-bd6c-b77f39a6b6ec
My Own Mazagon,Captain Ramesh Babu,2021,29302758-bf32-47be-8904-65a5ede5391f
Leopard Diaries – the Rosette in India,Sanjay Gubbi,2021,fae96f95-248a-4263-9f0c-d75fe42af1d3
Balakot Air Strike: How India Avenged Pulwama,Manan Bhatt,2021,bdd0508e-ad4c-42cf-aac0-5b9ec1ec31dc
The Year That Wasn’t – The Diary of a 14-Year-Old,Brisha Jain,2021,90877c40-5384-4b29-8e30-71fb0daa5ef5
The Earthspinner,Anuradha Roy,2021,f03ff8b2-b775-41fc-bfee-f41f7673ba18
How the Earth Got Its Beauty,Sudha Murty,2021,881314a5-ea82-4aee-82d8-deabeb3a50db
OPERATION KHUKRI,Rajpal Punia & Ms Damini Punia,2021,c81500fe-aa7d-46bb-9cf0-9f0bd3f938a4
Accelerating India: 7 Years of Modi Government,K J Alphons,2021,ea3ac0d3-8cdf-4bc9-9084-bcf1a5c276ba
Back to the Roots,Tamannaah Bhatia,2021,eeb02162-71ea-4261-acf1-8beabcd4fde2
Gita Govinda: Jaydeva’s Divine Odyssey,Dr. Utpal K. Banerjee,2021,7a44cdac-63d7-4c91-8378-283cac1d5dd3
Human Rights and Terrorism in India,Subramanian Swamy,2021,a87c39a0-12c9-4753-a130-6a9d0f3b30c0
Translating Myself and Others,Jhumpa Lahiri,2021,43d9ff81-3325-4e9b-96ba-9433a95029b8
Shining Sikh Youth of India,Dr. Prabhleen Singh,2021,9f6c1dfe-8aa4-4734-ba19-2042225e4418
400 Days,Chetan Bhagat,2021,51f29f00-5f07-45ad-8c82-3d1b6749a48f
Jungle Nama,Amitav Ghosh,2021,4295ac04-a158-4a04-98ca-98494b195c53
The Fractured Himalaya: How the Past Shadows the Present in India-China Relations,Nirupama Rao,2021,8702babe-1f1d-4ff4-9e64-f12ef05dc2a3
The Battle of Rezang La,Kulpreet Yadav,2021,bf113f0f-e529-4b9e-b613-4dc5914857cc
Karmayoddha Granth,Amit Shah,2020,510f44d3-6e54-44e9-8145-ff577aba13d6
Relentless,Yashwant Sinha,2020,3970daff-960c-4ed9-9af1-4bbcddd88344
A Child of Destiny,K. Ramakrishna Rao,2020,18850eac-0003-4d94-afa4-97e0ead45f3a
The Thin Mind Map,Dharmendra Rai,2020,71ed4f5a-65ef-4d74-a7a5-83831c2ad2a4
"A Commentary and Digest on The Air, Act 1981",Apoorva Kumar Singh,2020,4d5597a6-0647-4ae6-8b2d-8ab146a2f699
Death – An Inside Story,Jaggi Vasudev,2020,9a166d4d-d2d8-407a-89c1-d6b6edb19496
An Extraordinary Life: A biography of Manohar Parrikar,Sadguru Patil & Mayabhushan Nagvenkar,2020,62dd33ef-0b7a-4902-b499-a8ebd0adb330
Invincible – A Tribute to Manohar Parrikar,Tarun Vijay,2020,8627ce29-f480-4dc2-a243-fb42616d1b82
My Encounters in Parliament,Bhalchandra Mungekar,2020,95ce6abc-629c-4dc6-967d-e4fb12733dfe
Messiah Modi: A Tale of Great Expectations,Tavleen Singh,2020,062add64-d6e5-489e-baa5-ed6254465d81
Legacy of Learning,Savita Chhabra,2020,b06e4889-c7a4-4f22-8e4e-fcb24d0850fe
Missing in Action: The Prisoners Who Never Came Back,Chander Suta Dogra,2020,58a8b444-8d79-4a57-a616-31b4264172e5
The Art of Her Deal: The Untold Story of Melania Trump,Mary Jordan,2020,373c6b1e-a597-42a5-bb28-07a5bb8bfec9
Shuttling to the Top: The Story of P V Sindhu,Krishnaswamy V,2020,d561c7b0-658d-43a5-9e0e-11d49489fb55
Vijayant at Kargil: The Life of a Kargil War Hero,Neha Dwivedi,2020,ad3892c7-6778-43de-84c3-6d21a9bcb355
Wuhan Diary: Dispatches from a Quarantined City,Fang Fang,2020,7c1ef7f3-219d-4431-850b-6d624ea63a58
"Hop-On: My Adventures on Boats, Trains, and Planes",Ruskin Bond,2020,b01130df-f4a8-4d42-91a1-2437262c4fea
The Ickabog,J.K Rowling,2020,ea9f4326-38ee-41bf-be4d-46a3cc0b8054
Legend of Suheldev: The King Who Saved India,Amish Tripathi,2020,cceaf9f6-9b93-4058-a0c9-72ea00fe6454
Future of Higher Education: Nine Mega Trends,V Pattabhi Ram,2020,942a8bca-b217-46b4-9b54-85c669cfa176
Overdraft: Saving the Indian Saver,Urjit Patel,2020,27d33f72-bea7-41df-9a2d-7600a1bff825
Getting Competitive: A Practitioner’s Guide for India,RC Bhargava,2020,84a74023-4c29-4ea8-ba23-6cebe2ca5474
A Song of India,Ruskin Bond,2020,55137e02-02c5-4825-8514-cf0869c1919f
If It Bleeds,Stephen King,2020,71726cc2-4087-42df-8914-a940e1d786e6
The Endgame,Hussain Zaidi,2020,aaa57660-0c1d-46ef-a925-c1c4f8a08935
Suraj Kade Marda Nahi (Sun Never Dies),Baldev Singh Sadaknama,2020,996ddcd5-2c18-40f3-b327-8270eb6c7b67
Quest for Restoring Financial Stability in India,Viral V.Acharya,2020,9c762f6a-6391-4d7e-9f29-257394cddf03
Amazing Ayodhya,Neena Rai,2020,aab38b41-2b4a-426d-ac31-ba6448c2fc10
"Connecting, Communicating, Changing",Raksha Mantri Rajnath Singh,2020,55f467f3-af21-47d5-a35d-fdf0685d6e3b
Our Only Home: A Climate Appeal to the World,Dalai Lama and Franz Alt,2020,8d5e6437-52de-4cbc-bc69-e2f39f28d62d
"Full Spectrum: India’s Wars, 1972-2020",Arjun Subramaniam,2020,c9473760-627d-48b2-b2c7-9164bfe204ae
One Arranged Murder,Chetan Bhagat,2020,bf47ce2d-80ee-4dfd-b2c0-99543484a75e
Cricket Drona,Jatin Paranjpe,2020,0fd4e6cd-58fb-4724-8cc2-5dbfb383e5b9
Let us Dream,Pope Francis,2020,25420bf2-38d7-4e56-b8e9-e07c2d75a550
The Little Book of Encouragement,Dalai Lama,2020,f08c673b-9f48-4076-863e-847b6bdb58f1
My Life in Design,Gauri Khan,2020,b9c69c32-ce04-4caf-998e-e5488e364796
Azadi: Freedom. Fascism. Fiction,Arundhati Roy,2020,c4501bf2-491d-4390-9f80-387d29705341
Kitchens of Gratitude,Chef Vikas Khanna,2020,5f2039b5-cbb8-40cc-96fe-379ebe49030b
A Promised Land,Barack Obama,2020,0f4609d5-2e19-4f4a-bcd4-4b0b79f79019
Bapu- the Unforgettable,Manish Sisodia,2020,03ec5c94-e289-44c5-aed7-cfc046b34e70
The Battle of Belonging,Shashi Tharoor,2020,cd3eeda1-aeda-4c1a-af63-9084ecc77185
Bye Bye Corona,Dr. Pradeep Kumar Srivastava,2020,73e40352-b28a-4ad0-bda5-c6aa51cfc927
Your Best Day is Today!,Anupam Kher,2020,18727483-05c5-4474-85a1-667968736abe
I am No Messiah,Meena Iyer,2020,e99f4df6-9dcc-4412-8bbd-68f29b719c58
40 Years with Abdul Kalam-Untold Stories,Dr. A. Sivathanu Pillai,2020,ac31563b-191f-4898-8a89-0b99fbbb50e6
Dharma: Decoding the Epics for a Meaningful Life,Amish Tripathi and Bhavna Roy,2020,be444e11-3f07-4bcc-b504-8b8c3f93ffae
Oh Mizoram,PS Sreedharan Pillai,2020,5989663e-cddc-48c8-9f38-41fc428cf08c
The 7 Sins of Being a Mother,Tahira Kashyap Khurrana,2021,1df25cfa-6e48-4b03-aefa-f9900a6ec532
Habba Khatoon,Kajal Suri,2021,7f01e50e-8177-4faa-9607-b6022c125860
Will,Will Smith and Mark Manson,2021,36734ca3-a757-4c3f-9e30-93352baaafa0
My Joys and Sorrows- as a Mother of a Special Child,Krishna Saksena,2021,3691a412-30b8-403c-a9d5-5c4c7dda69b4
It’s a Wonderful Life,Ruskin Bond,2021,84b06d7d-802a-41cc-99f7-db3ec70b3eb9
Fiercely Female: The Dutee Chand Story,Sundeep Mishra,2021,0a47fbdb-e3e5-4474-8cb5-8ce301e092bc
Policymaker’s Journal: From New Delhi to Washington DC,Kaushik Basu,2021,c2a20be5-3b60-437a-8cdd-cef69f6e15c4
Kashmiri Century: Portrait of a Society in Flux,Khemlata Wakhlu,2021,2c8c4a6b-3ebd-45ce-8adc-49ec28edb1c5
Lady Doctors: The Untold Stories of India’s First Women in Medicine,Kavitha Rao,2021,f14a2624-27fe-4b65-a67c-60b0a235b666
The Pregnancy Bible,Kareena Kapoor,2021,ec1becb9-c463-4eee-b0a3-a5d142023f85
The Art of Conjuring Alternate Realities: How Information Warfare Shapes Your World,Shivam Shankar Singh and Anand Venkatanarayanan,2021,5b402989-932c-4ff3-9ef9-6aa0bd1f0550
The Great Big Lion,Chryseis Knight,2021,79284884-40f0-45c0-812e-26b5f0a39d93
The India Story,Bimal Jalan,2021,c34e8622-6e82-418c-b36b-9cfe68fce0a2
The Stranger In The Mirror(Autobiography of Rakeysh Omprakash Mehra),Reeta Ramamurthy Gupta and Rakeysh Omprakash Mehra,2021,707e02f5-a2b8-4d91-98de-97679be0af70
Palleku Pattabhishekam,Yalamanchili Sivaji,2021,2f22dda9-b040-447c-a066-2c69db383d5b
Bank With A Soul: Equitas,Dr. C K Garyali,2021,f9db1ca6-9c45-48e0-9c77-2236e764248f
An Ordinary Life: Portrait of an Indian Generation,Ashok Lavasa,2021,d3155b7e-cf68-40e0-800d-4ab41c4ed2a1
In An Ideal World,Kunal Basu,2021,a14c2ac6-2019-4395-bd6c-b77f39a6b6ec
My Own Mazagon,Captain Ramesh Babu,2021,29302758-bf32-47be-8904-65a5ede5391f
Leopard Diaries – the Rosette in India,Sanjay Gubbi,2021,fae96f95-248a-4263-9f0c-d75fe42af1d3
Balakot Air Strike: How India Avenged Pulwama,Manan Bhatt,2021,bdd0508e-ad4c-42cf-aac0-5b9ec1ec31dc
The Year That Wasn’t – The Diary of a 14-Year-Old,Brisha Jain,2021,90877c40-5384-4b29-8e30-71fb0daa5ef5
The Earthspinner,Anuradha Roy,2021,f03ff8b2-b775-41fc-bfee-f41f7673ba18
How the Earth Got Its Beauty,Sudha Murty,2021,881314a5-ea82-4aee-82d8-deabeb3a50db
OPERATION KHUKRI,Rajpal Punia & Ms Damini Punia,2021,c81500fe-aa7d-46bb-9cf0-9f0bd3f938a4
Accelerating India: 7 Years of Modi Government,K J Alphons,2021,ea3ac0d3-8cdf-4bc9-9084-bcf1a5c276ba
Back to the Roots,Tamannaah Bhatia,2021,eeb02162-71ea-4261-acf1-8beabcd4fde2
Gita Govinda: Jaydeva’s Divine Odyssey,Dr. Utpal K. Banerjee,2021,7a44cdac-63d7-4c91-8378-283cac1d5dd3
Human Rights and Terrorism in India,Subramanian Swamy,2021,a87c39a0-12c9-4753-a130-6a9d0f3b30c0
Translating Myself and Others,Jhumpa Lahiri,2021,43d9ff81-3325-4e9b-96ba-9433a95029b8
Shining Sikh Youth of India,Dr. Prabhleen Singh,2021,9f6c1dfe-8aa4-4734-ba19-2042225e4418
400 Days,Chetan Bhagat,2021,51f29f00-5f07-45ad-8c82-3d1b6749a48f
Jungle Nama,Amitav Ghosh,2021,4295ac04-a158-4a04-98ca-98494b195c53
The Fractured Himalaya: How the Past Shadows the Present in India-China Relations,Nirupama Rao,2021,8702babe-1f1d-4ff4-9e64-f12ef05dc2a3
The Battle of Rezang La,Kulpreet Yadav,2021,bf113f0f-e529-4b9e-b613-4dc5914857cc
Politics of Opportunism,R P N Singh,2019,4acdf5e0-87a1-49c1-8cd1-01473f8ace3b
Malayalam poetry,Akkitham Achuthan Namboodri,2019,418d66f4-5396-4ef9-a0ec-46f716164272
The Testaments,Margaret Atwood,2019,e9bf5233-6ae4-4413-a9b9-3a190d402421
Celestial Bodies,Jokha Alharthi,2019,3eac74ba-18b2-4322-9542-898fe849b567
Cheque book,Vasdev Mohi,2019,76e9e5c0-2144-49a9-8efa-1e0042b29a80
The Overstory,Richard Powers,2019,70544d0c-e34a-4e61-ab15-caca87be8de4
The Braille edition of the book Exam Warriors,PM Narendra Modi,2019,58dbc5ec-5e8d-469e-aed2-a942d2aac26c
Mind-Master,Viswanathan Anand and Susan Ninan,2019,c58439a8-9f5c-43be-b70b-9dcf2a95673a
Hemant Karkare: A Daughter’s Memoir,Hemant Karkare's daughter Jui Karkare,2019,8217ff9f-8613-4e67-8779-ac95195bef83
"""Courts of India""",Chief Justice of India (CJI) Ranjan Gogoi,2019,ed381334-82b0-4d57-af75-e639a1b0fa26
Hemant Karkare: A Daughter’s Memoir,Karkare's Daughter Jui Karkare,2019,c39e4546-145e-4ab9-be07-07b18ad39171
Braille Edition of ‘Exam Warriors’,Prime Minister Narendra Modi,2019,b55084f2-6094-4633-b751-9a8ff8d25581
Bridgital Nation,Shri N Chandrasekaran,2019,14e112e7-b3e9-4092-80d7-afe1e8150ec1
Girl Power: Indian Women Who Broke The Rules,Neha J Hiranandani,2019,96a0283c-5bfc-49a8-aa48-684b97ba0d4f
From Leeches to Slug Glue: 25 Explosive Ideas that Made (and Are Making) Modern Medicine,Roopa Pai,2019,31a9aa33-80fd-4191-a529-826c3ea6d0a8
Fakir Hassen,‘150 Years of Celebrating the Mahatma–the South African Legacy’,2019,b1923997-870c-462a-bc91-c651958d1be3
Turbulence and Triumph: The Modi Years,Rahul Agarwal and Bharathi S Pradhan,2019,516e1d5d-89a1-4718-8779-11f3e53e43ef
Handbook on Fisheries Statistics - 2018,Ministry of fisheries,2019,46fafe08-9ae9-4362-be75-41d8405f4073
"Savarkar: Echoes from a forgotten past, 1883-1924",Vikram Sampath,2019,7bf82996-aa2e-47ea-a30b-87ac81069dcc
Glorious Diaspora-Pride of India,Indian Diaspora Club,2019,2c485c35-ae0a-4a56-a608-ef68ad67bd4c
First They Erased Our Name: A Rohingya Speaks,"Habiburahman, Sophie Ansel",2019,16413ef6-78bb-448a-8d0a-d74ac1156d82
Obama: The Call of History,Peter Baker,2019,754a6dda-1aa6-4b35-baf0-cc236d7e6ebc
Kashmir’s untold story: Declassification,Iqbal Chand Malhotra and Maroof Raza,2019,d4af7cf5-cc2f-4462-b197-325ff899e6eb
“Sridevi: Girl Woman Superstar”,Satyarth Nayak,2019,8b69a2c0-1dca-46fb-a36c-f0be56f253b4
Manav,Department of Biotechnology (DBT) and Persistent Systems,2019,afe3acc6-421d-49b3-acee-297e63236b40
‘The Commonwealth at 70: From Westminster to the World’,St James House and the History of Parliament Trust,2019,92e41410-8f74-4940-9039-2655a89c2cba
Vivekadeepini,Adi Shankaracharya,2019,653d51fe-ae13-4665-b039-99d04e9360e6
"Listening, Learning and Leading",Venkaiah Naidu,2019,f3331102-7a11-4574-b636-41133171afb0
"'My Life, My Mission'",Baba Ramdev,2019,2dcf285c-be7f-478a-bb70-a6c2ba0df2fe
'The New Delhi Conspiracy',Meenakshi Lekhi,2019,5889113f-18b5-4b79-b97a-8891a82de72d
‘The Diary of Manu Gandhi’,Tridip Suhrud,2019,435f893f-cd00-48e9-a302-4cdeed00dcc0
"""A Prime Minister to Remember- Memories of a Military Chief""",Sushil Kumar,2019,db4580e5-7c0e-4f0d-ba5b-3333423c21b0
Vivekadeepini,Adi Shankaracharya,2019,bd55cabd-763f-4b35-b2d4-035022d3ec7d
“Lessons Life Taught Me Unknowingly”.,Anupam Kher,2019,2ab218b6-adae-4bd0-8fbf-49fc99f6fc6f
“Cricket World Cup: The Indian Challenge”,Ashis Ray,2019,3decf8c2-17b7-454a-9eb3-64bec0f6fa1a
My Journey,Dr. A.P.J. Abdul Kalam,2019,b649cb92-e955-4d39-99b1-0065c2c8c75e
Making of New India,Dr. Bibek Debroy,2019,6aedf3de-02bc-46f3-8463-ab9fe0d1da20
"""Whispers of Time""",Dr. Krishna Saksena,2019,1b9a5b97-a2e7-42ca-8f5e-611793962f7e
Indian Fiscal Federalism,Dr. Y.V. Reddy,2019,8c850815-b89c-4489-b02a-8a7381356e27
‘Chequered Brillance: The Many Lives of V K Krishna Menon’,Jairam Ramesh,2019,83e207ac-baa9-400b-8487-8e7be1811e29
‘Designing Destiny: The Heartfulness Way’,Kamlesh Patel Alias Daaji,2019,c173e907-0257-4d0e-ba4f-b87e8ee98c1f
‘The Heartfulness way: Heart-Based Meditations for Spiritual Transformation’,Kamlesh Patil & Joshua Pollock,2019,65bd8165-c6a4-4229-ac25-7b17f8643093
Darkness to light,Lamar Odom,2019,79466f5f-e721-4ef7-986c-bf1e57142dad
"Fire and Fury Corps -- Saga of Valour, Fortitude and Sacrifice',",Lieutenant General Ranbir Singh,2019,073f6c8b-cfeb-4985-a947-c7ef12a2cdbf
"Quality, Accreditation, and Ranking – A Silent Revolution in the Offing in Indian Higher Education",M Venkaiah Naidu,2019,991382a6-509d-44d5-8e87-613b5fdc0768
We are Displaced,Malala Yousafzai,2019,762e558f-9d0b-49d9-aa86-3e4f9e3de282
‘Saffron Swords’,Manoshi Sinha Rawal,2019,cb656eb7-722d-404d-b87e-36acb5e9a119
“The New Delhi Conspiracy”,Meenakshi Lekhi,2019,0ef3d326-6507-4be4-8a88-6ce9e713dbb1
"‘Law, Justice and Judicial Power- Justice P N Bhagwati’s Approach’",Mool Chand Sharma,2019,09c6958d-45d3-4729-ac0f-239e12bad784
‘Khooni Vaisakhi’,Mr. Suri,2019,113b88e9-28a8-44d7-bdc5-9d61035a0c43
‘Every Vote Counts- The story of India’s Elections’,Navin Chawla,2019,4767828c-1877-4b03-852c-7889c826c77d
‘Virat: The making of a Champion’,"Neeraj Jha, Vidhanshu Kumar",2019,63a3a227-83b7-461b-845d-73d027b35c5d
‘Undaunted: Saving the Idea of India’,P. Chidambaram,2019,10297bbf-7ef8-4b30-85a6-03cc78dad926
From Possession to Freedom,R Uma Maheswari,2019,147d3cfe-fc83-4c31-afaf-826c16ab39cc
The Third Pillar,Raghuram Rajan,2019,d07ba2c9-5eee-4704-897e-fddcf9d8bc91
‘Undaunted: Saving the Idea of India’,Ruchir Sharma,2019,0332671b-079d-44dc-aa2c-6457671d532f
Politics of Jugaad: The Coalition Handbook,Saba Naqvi,2019,ca250a48-0e8b-4cb7-ae49-0d5dfdea5574
Game Changer,Shahid Afridi,2019,e2b73011-078c-4bc8-9c6c-c839cb680696
‘Kundan: Saigal’s Life & Music’,Sharad Dutt,2019,32520c68-886f-41b6-82fd-a330148fd380
"""Chandra Shekhar - The Last Icon of Ideological Politics"";",Shri Harivansh and Shri Ravi Dutt Bajpai.,2019,c4dbfab3-f6bc-485c-a8e6-fe21c3d578fc
‘Defining India: Through Their Eyes’,Sonia Singh,2019,26dd001c-c1d0-4b5b-9e66-96224f7519b6
'Function of Data Sovereignty - The Pursuit of Supremacy',Vinit Goenka,2019,a57ed366-6107-42e2-8123-44932d5a8da2
"‘Ayodhya: City of Faith, City of Discord’",Valay Singh,2019,4ae1dc24-6fac-413f-b0c7-fb46e6841b1d
An Ordinary Life: Portrait of an Indian Generation,Ashok Lavasa,2021,d3155b7e-cf68-40e0-800d-4ab41c4ed2a1
In An Ideal World,Kunal Basu,2021,a14c2ac6-2019-4395-bd6c-b77f39a6b6ec
My Own Mazagon,Captain Ramesh Babu,2021,29302758-bf32-47be-8904-65a5ede5391f
Leopard Diaries – the Rosette in India,Sanjay Gubbi,2021,fae96f95-248a-4263-9f0c-d75fe42af1d3
Balakot Air Strike: How India Avenged Pulwama,Manan Bhatt,2021,bdd0508e-ad4c-42cf-aac0-5b9ec1ec31dc
The Year That Wasn’t – The Diary of a 14-Year-Old,Brisha Jain,2021,90877c40-5384-4b29-8e30-71fb0daa5ef5
The Earthspinner,Anuradha Roy,2021,f03ff8b2-b775-41fc-bfee-f41f7673ba18
How the Earth Got Its Beauty,Sudha Murty,2021,881314a5-ea82-4aee-82d8-deabeb3a50db
OPERATION KHUKRI,Rajpal Punia & Ms Damini Punia,2021,c81500fe-aa7d-46bb-9cf0-9f0bd3f938a4
Accelerating India: 7 Years of Modi Government,K J Alphons,2021,ea3ac0d3-8cdf-4bc9-9084-bcf1a5c276ba
Back to the Roots,Tamannaah Bhatia,2021,eeb02162-71ea-4261-acf1-8beabcd4fde2
Gita Govinda: Jaydeva’s Divine Odyssey,Dr. Utpal K. Banerjee,2021,7a44cdac-63d7-4c91-8378-283cac1d5dd3
Human Rights and Terrorism in India,Subramanian Swamy,2021,a87c39a0-12c9-4753-a130-6a9d0f3b30c0
Translating Myself and Others,Jhumpa Lahiri,2021,43d9ff81-3325-4e9b-96ba-9433a95029b8
Shining Sikh Youth of India,Dr. Prabhleen Singh,2021,9f6c1dfe-8aa4-4734-ba19-2042225e4418
400 Days,Chetan Bhagat,2021,51f29f00-5f07-45ad-8c82-3d1b6749a48f
Jungle Nama,Amitav Ghosh,2021,4295ac04-a158-4a04-98ca-98494b195c53
The Fractured Himalaya: How the Past Shadows the Present in India-China Relations,Nirupama Rao,2021,8702babe-1f1d-4ff4-9e64-f12ef05dc2a3
The Battle of Rezang La,Kulpreet Yadav,2021,bf113f0f-e529-4b9e-b613-4dc5914857cc
A Rural Manifesto – Realising India’s Future through her Villages,BJP MP Varun Gandhi,2018,bff07f20-872d-494e-add7-475391fc60c8
Changing India,Dr. Manmohan Singh,2018,c5e2b498-a52c-44cd-bfb0-9caf9e6512de
Timeless Laxman,Prime Minister Narendra Modi,2018,e7453205-888d-444c-bb53-1477469c36ee
Arivu,Dr Murali Mohan Chuntharu,2018,8fbb53f5-0d6e-4dc9-b021-5befaee1527a
The Fire Burns Blue: A History of Womens Cricket in India,Karunya Keshav and Sidhanta Pathak,2018,439b58a6-1735-49b3-9fa8-566ee8f65972
Maharana Pratap: The Invincible Warrior,Rima Hooja,2018,433392e3-4177-43a3-9534-aa07ebeb7149
The Paradoxical Prime Minister,Shashi Tharoor,2018,8a1a3d2d-cf6c-4443-add6-dd142e84e439
The Rule Breakers,Preeti Shenoy,2018,fde425e3-47d0-411f-b796-e6d3582ec87f
Experiential Learning -- Gandhiji's Nai Talim,Union Minister of Human Resource Development Prakash Javadekar,2018,2067b10d-610d-4289-bfc2-af501b6971b1
"From Lehman to Demonetisation: A Decade of Disruption, Reforms and Misadventures",Tamal Bandyopadhyay,2018,f47f98e1-46a4-4feb-975f-0b8c2a89225d
Poonachi or the Story of a Black Goat,Perumal Murugan,2018,d65f752b-6345-4069-84bd-4901f316fabc
Making of Legend,Bindeshwar Pathak,2018,319adc06-70b9-46b6-a43a-722036792058
Diabetes with Delight,Anoop Misra,2018,8c97f7a5-ff25-4034-ae9e-98bc5624e3f0
The Last White Hunter,Donald Anderson with Joshua Mathew,2018,269da6ca-83e4-4d05-ae3c-454e203a3b25
Indian Cultures as Heritage,Romila Thapar,2018,61e2c4fe-f7b2-40d5-8593-7d795e0c6d3f
Strangers No More: New Narratives from Northeast,Sanjoy Hazarika,2018,06aa1acb-9a82-4b34-9f0f-9208fcf13fc8
Matoshree,Sumitra Mahajan,2018,5442f511-e366-4f40-ba40-9ba64ec902a4
Sanjay Dutt: The Crazy Untold Story of Bollywood’s Bad Boy,Yasser Usman,2018,be0c43d0-5023-4d04-8a12-f9628b484e1f
Indian Instinct,Miniya Chatterjee,2018,f5859880-d9d1-46b4-9228-8474d3d1b946
The Coalition years,Pranab Mukherjee,2018,4cc44db4-bf22-4699-b98b-cbead5554423
Dreamers: How Young Indians are Changing Their World,Snigdha Poonam,2018,1fa4444d-4236-4d7d-b29c-efda755b16f7
Fire and Fury: Inside the Trump Whitehouse,Michael Wolff,2018,300a94e1-9ee0-44bd-ba3e-d4aa9076acf1
"Citizen Delhi: My Times, My Life",Sheila Dikshit,2018,0c80ef4a-c46b-4882-8716-ae2c7da56434
Mere Sapno Ka Bharat,Tarun Vijay,2018,90c0056c-7794-4fb4-ac62-b69de7ac457b
Born to be Hanged: Political Biography of Zulfikar Ali Bhutto,Syeda Saiyidan Hameed,2018,c03e512a-f83e-4cf9-8128-4400bd3f1b71
Ants Among Elephants,Dujatha Gidla,2018,62e7ee4f-fece-4cc7-ae52-246c2251140f
"The Constitution of India: Miracle, Surrender, Hope",Rajeev Dhavan,2018,d3242671-07ab-456f-b10d-a73255da9f36
A Ringside Affair,James Lawton,2018,daf86f85-61ed-45aa-aee5-4f47ab801186
The Year of the Hawks,Kanwaljit Singh,2018,c754d34c-33db-4217-8d04-bfb92e519d98
How May I Help You,Deepak Singh,2018,28227422-5516-4178-9293-54a38f3e6b5c
"A World of Three Zeroes: The New Economics of Zero Poverty, Zero Unemployment, and Zero Carbon Emission",Mohammad Yunus,2018,8d73b625-0ed0-4beb-87f4-96915785f0fb
Do We Not Bleed? Reflections of a 21st-Century Pakistan,Mehr Tarar,2018,dc099023-3291-402b-a931-23c78f51cc30
Xi Jinping's China,Jayadev Ranade,2018,08e837df-54da-4f5d-9ef3-95dfa5385a40
The Book Hunters of Katpadi,Pradeep Sebastia,2018,55cd858e-a6cc-4a3e-9e52-2f4f9f8fb3c5
All the Worlds Between,K Srilata and Fiona Bolger,2018,e0a43ab3-d4bc-49fb-aaed-11d1315bb8f0
Hit Refresh,Satya Nadella,2018,6746e4f0-f612-4e8a-9124-c1f053ec0c04
Letters to a Young Philosopher,Ramin Jahanbegloo,2018,35c04939-ea9c-40ec-a800-4320960168fb
Imperfect (autobiography),Sanjay Manjrekar,2018,3cbb93fd-d30b-45c2-9c17-e53ca3aabece
Immortal India,Amish Tripathi,2018,9067ff59-1700-4dcb-a987-27fe829eea90
Maharana Pratap: The Invincible Warrior,Rima Hooja,2018,228122dd-230f-46f4-ae40-693ed4bf6566
Conflicts of Interest: My Journey Through India’s Green Movement,Sunita Narain,2018,4e7e1c54-b9a3-42f7-bd9f-72167349ca5d
2G Saga Unfolds,A Raja,2018,9d5e3549-71e9-4b14-92f5-d345655097d1
Two,Gulzar,2018,af597bda-c26c-46e1-a48e-3607691f2988
Status Single,Sreemoyee Piu Kundu,2018,73f4f798-2895-434d-949d-c9e96d5fe7b9
An Ordinary Mans Guide to Radicalism,Neyaz Farooquee,2018,36fc3559-6709-4c83-a297-115bf5841887
What happened,Hilary Clinton,2018,e0b1677c-1e11-467e-8205-46485f2a1358
Artemis,Andy Weir,2018,676dd95d-cb7a-4af6-b47a-7c5b06de1ad5
Drone,Adam Rothstein,2018,a5fed9fa-ee81-48b1-ad4a-23817b010f65
Why I am hindu,Shashi Tharoor,2018,4b33e6a4-bfb6-4f40-892c-750a1fa71d04
A dairy of deomestic diva,Shilpa Shetty,2018,b8b7fd0f-8324-43a7-aebe-80f18bc7394e
The New Wealth of Nations,Surjit S Bhalla,2018,3f413e6c-1089-4d3d-989d-414d690429fb
Indira Gandhi: A Life in Nature,Jairam Ramesh,2018,aa06575e-65b3-4afe-889a-c6e555611c5d
Dreamers: How Young Indians are Changing Their World and Yours,Poonam,2018,7757037b-e3af-422e-b416-893acb3abefd
My Enemy’s Enemy: India in Afghanistan from the Soviet Invasion to the US Withdrawal,Avinash Paliwal,2018,5d90388d-853c-4616-9d98-481c806d2541
A state of freedom,Neel Mukerjee,2018,f91d52e9-d5a7-4bdc-82f8-5f75d755b0b3
"Enemies and Neighbours: Arabs and Jews in Palestine and Israel, 1917-2017",Ian Black,2018,ceecf804-78aa-4db3-ba78-4a1270e9b870
I do what I do,Raghuram Rajan,2018,cabbaf92-da1e-4326-8aa2-80eefad29498
Indian Political Theory: Laying the Ground work for Swaraj,Aakash Singh Rathore,2018,8012746e-22ac-43b0-a18a-5c0fbc6887a4
Hisaab Kitaab,Anjana Sukani,2018,85756e68-0e97-46cd-bb5d-6472783b2f00
Songs of a Coward,Perumal Murugan,2018,5e88eb31-91e6-4627-906e-43803165a9b1
An unsuitable boy,Karan johar,2018,759ec54a-ce98-4108-8bc3-6053f4dba2b2
Stalin: Waiting for Hitler 1928-1941,Stephen Kotkin,2018,72e29b63-10e7-4fb6-a90b-731a0dbceedc
281 and Beyond,V V S Laksman,2018,757fc6ed-ad2e-4700-8636-6988f2de0e2d
4321,Paul Auster,2018,a49000e9-8704-4465-a6d8-340b4ac18f3f
History of Wolves,Emily Fridlund,2018,1a09e6c4-f5e9-4b99-b4a4-a24b0caa233f
Exit West,Mohsin Hamid,2018,1b1506a8-8c0e-443e-9fa5-3ee24fb9aebe
Elmet,Fiona Mozley,2018,b252834d-75ef-49e5-8127-9b517177fa2a
Lincoln in the Bardo,George Saunders,2018,840998ca-3b4c-4771-b144-681000b5df40
Autumn,Ali Smith,2018,6c0d3556-c8fb-4508-b9ab-9dd3d09d9141
"Writing Pakistan: Conversations on ldentity, Nationhood and Fiction",Mushtaq Bilal,2018,5f29f9da-66c6-4e29-bbac-bc6499b40f59
The Bengalis: A Portrait of a Community,Sudeep Chakravarti,2018,8a1e049d-7bd7-4fd2-b8d2-a61014625f39
Moments ofTruth: My Life with Acting,Roshan Taneja,2018,ca55eb42-1ca8-4629-8fcd-47e5ea6d01ea
The Goat Thief,Perumal Murugan,2018,3e2635cb-c21e-43de-870c-6fd78d1a5dfa
The Widow of Malabar Hills,Sujata Massey,2018,cdac6361-d010-4d7e-864c-c459f64f7c66
The Vanishing,Prerna Singh Bindra,2018,af6c1532-89cd-41bb-be8e-20726a1c13a1
Where India Goes,Diane Coffey and Dean Spears,2018,af9402e5-2909-4b4a-a1b6-adfa516df48e
The Nationalist,Minhaz Merchant,2018,e118fbec-74ad-427d-ba16-f6143e99e0fe
Political Violence in Ancient India,Upinder Singh,2018,189010da-19c0-4df7-9801-e1302dc6115b
The tall man biju patnaik,Sundar Ganesan,2018,75f649ec-09ba-4c11-a7e5-20920196924d
A Tale of Two Victoria Crosses,Lt Gen Baljit Singh,2018,8f7a88d9-4783-45e7-a6b9-a94ca39adc5a
Fifty Things that Made the Modern Economy,Tim Harford,2018,4b94ddde-587d-4a14-9f91-92686f6f8c80
New Wealth of Nations,Surjit Bhalla,2018,68935c5f-cc3c-4008-9d1c-96e51756355e
The Emergency: Indian Democracy's Darkest Hour,A Surya Prakash,2018,870036c5-c010-4c7b-9332-c502bd70ea4b
No Room for Small Dreams,Shimon Peres,2018,b3366e09-3b3e-4406-9028-d710550bb06a
A Horse Walks Into a Bar,David Grossman,2018,c24e2467-5cf8-45e7-8992-9309211604b9
An Ordinary Life: A Memoir,Nawazuddin Siddiqui with Rituparna Chatterjee,2018,d3199538-e438-416b-9b19-f0410a174011
Democracy’s XI: The Great Indian Cricket Story,Rajdeep Sardesai,2018,e7468e44-1196-42fe-a051-ca054846a42c
A Republic in the Making: India in the 1950s,Gyanesh Kudaisya,2018,03f83db6-be71-4f9c-87b9-8bac3de59b62
Durand's Curse: A Line Across the Pathan Heart,Rajiv Dogra,2018,c5283061-ee4a-4eb6-9477-5b45d42cc862
Origin,Dan Brown,2018,563a29ea-a95b-487b-a3ca-3f23398ee60d
The Crisis Within: On Knowledge and Education in India,GN Denvy,2018,3e6a395f-215d-4a0b-bbee-d3ca8c07f129
Inside Parliament: Views From the Front Row,Derek O'Brien,2018,d22be961-b4cc-452f-bbd5-654a6644ebae
India Turns East: International Engagement and US-China Rivalry,Fredrick Grare,2018,944892c0-f827-4ce7-b4f1-3f32e53fc556
Weather Information Portal for Indian Power System,R K Singh,2018,c905c5e4-cbba-4096-9c4a-80280b64a729
The Ministry of Utmost Happiness,Arundhati Roy,2018,5f37ea95-b3a8-47b8-b2ee-92b08be431e8
China & India War: Collision Course on the Roof of the World,Bertil Lintner,2018,5abe543f-d56f-4c93-83a7-359408d9f6f6
Cadres ofTibet,Jayadeva Ranade,2018,9e2b8140-5592-4904-b9a8-93ff5a469f0e
Unstoppable: My Life So Far,Maria Sharapova,2018,9f5373ef-2850-4feb-a7cb-de0457a326e7
The Book of Chocolate Saints,Jeet Thayil,2018,6bf7dc10-5084-4510-804b-4312d00153d3
Conflict of Interest,Sunita Narain,2018,a0554e1d-ae95-4159-9896-ee118cb86553
Atal Ji Ne kaha,Birendra Rehi,2018,80d641a2-3f53-461c-88c8-02a483acd387
Confessions of a dying mind: the blind faith of atheism,Kiren Rijiju and Haulianlal Guite,2018,55b5b650-af48-4e3f-aaa6-cfbba965fac4
Available Light,CP Surendran,2018,83aae744-82db-406d-a978-ecd7460878d9
Ashoka: Satrap of Taxila,Ashok K Banker,2018,5a97622a-79ed-437f-99bc-0a1d474c1e99
Sea Prayer,Khaled Hosseini,2018,7eada47c-0380-42b5-b432-26da7205da13
Loyal Stalkers,Chhimi Tenduf La,2018,c6803c5d-7213-49c5-a0d6-730257249c54
No Spin,Shane Warne,2018,6e672711-d9d4-4807-876a-48f0f3f96264
Attendant Lords,TCA Raghvan,2018,a96ee40f-963c-4826-87aa-7030b1ec18e9
The Driver in the Driverless Car,Vivek Wadhwa with Alex Salkever,2018,af288496-193f-4951-aaf7-21e621e67e11
Life Among the Scorpions: Memoir of a Woman in Indian Politics,Jaya Jaitely,2018,ce4b103c-e91e-4daf-b26c-986104dfc5c1
Gorbachev: His Life and Times,William Taubman,2018,7735c14e-1037-43e4-87c7-24fc5124e5b8
Ambedkar Gandhi and Patel: The Making of India’s Electoral System,Raja Shekhar Vundru,2018,1082c5c3-7782-4177-be8a-81b782ebadbe
Evolution,Emmanuel Macron,2018,ed3f3343-1633-4efc-96f7-e44c8443efc5
Exam Warriors,Narendra Modi,2018,ba51fef0-f0bb-42b6-9423-af97f6212079
Evil in the Mahabharata,Meena Arora Nayak,2018,384376a8-3a1c-4b43-b209-7176e6174669
Happy Dreams,Jia Pingwa,2018,e8cc48f6-96bc-4d5c-b119-b68926a17070
6 TIMES THINNER,N N Vohra,2018,693946cd-1cbf-4a26-985d-2b947807e9f2
Rohingya Inside Myanmar's Hidden Genocide,Azeem Ibrahim,2018,4deb316d-1d6d-4ba9-9fa1-8fa63cef27f9
Myanmar's Enemy Within: Buddhist Nationalism and Anti-Muslim Violence,Francis Wade,2018,6dbf10b5-c6e9-45ca-8962-86865fe5d4e6
Reimagining Pakistan,Husain Haggani,2018,89759f85-7574-411f-8010-3deb5f196f92
Born to be Hanged: Political Biography of Zulfikar Ali Bhutto,Syeda Hameed,2018,a2573b96-bf75-4145-a6f2-dde2d0880b73
Reporting Pakistan,Meena Menon,2018,a9c99e5d-f31e-4ed0-96a6-0da8a0379a76
Who We Are and How We Got Here,David Reich,2018,542fe8b3-b699-4994-8276-cd29e8757886
A Century ls Not Enough,Sourav Ganguly,2018,0589be76-f094-45cc-a16f-e1368afe7ba0
Winning Like Sourav: Think & Succeed Like Ganguly,Abhirup Bhattacharya,2018,6b7dff3c-144a-4167-b39d-a6cc97911fa4
The Perils of Being Moderately Famous,Soha Ali Khan,2018,41d85fd4-911f-4359-9f0e-d4a089dd13c0
Directorate S: The CLA and Americas Secret Wars in Afghanistan and Pakistan,Steye Coll,2018,da69cf74-4bbb-40f3-b287-7d3b3056211e
Economics for the Common Good,Jean Tirole,2018,c94fee13-8354-4591-a196-1c5a5d890ebb
Political Tribes,Amy Chua,2018,e02d9577-4b5c-436c-8f5d-bcfef873ccda
Dividing Lines: Contours of the India-China Discord,KN Raghavan,2018,5f5a45d9-fe1b-429c-9077-a0d3d7029e8e
My Journey from Marxism-Leninism to Nehruvian Socialism,CH Hanumantha Rao,2018,01551f98-cc02-4a2d-aa98-453e7c3c0357
Triple Talaq: Examining Faith,Salman Khurshid,2018,c0c45ae9-15e2-4da0-a086-2a57919946f7
Kashmir: Exploring the Myth Behind the Narrative,Khalid Bashir,2018,af0953d2-6350-4359-a6e6-ed0ee494f9fd
The Only Story,Julian Barnes,2018,3b81a271-2b42-4700-a8f5-ce745fd1ae97
She Goes to War Women Militants of India,Rashmi Saksena,2018,22d3eb0d-d060-435f-887f-0ada78aaa883
The Future of Humanity,Michio Kaku,2018,633f6b25-aa62-454b-b1d2-1e314e962cef
Governing the Ungovernable: Institutional Reforms for Democratic Governance,Ishrat Husain,2018,50bea3e0-c01b-4b79-bf35-14f18ac4dfa3
The Unseeing ldol of Light,KR Meera,2018,b3ec4019-887e-48ae-ad6b-70c8ec6a9d1f
Across the Universe,Ajoy Bose,2018,9c6a3a1f-6da2-4063-af0a-cd0d08361c55
Anita Gets Bail: What Are Our Courts Doing? Whal Should We Do About Them?,Arun Shourie,2018,a5146cec-dfa8-4510-9530-9e52407aef9d
Eleven Gods and a Billion Indians,Borta Majumdar,2018,6ee639eb-947c-46c3-95a7-4664f17bbb82
Indian Railway- The weaving of a National Tapestry,Bibek Debroy,2018,e1bc25cb-0e31-48f1-b3be-3c5c59ebe6bb
An Uncertain Glory: India and Its Contradiction,Amartya Sen and Jean Dreze,2018,613d1448-dad1-4924-8326-7f1781771c76
Lethal White,Robert Galbraith (JK Rowling),2018,4e20cc8c-c7ae-48f4-abd6-253a702bb707
The English Patient,Michael Ondaatje,2018,f406ae27-1ac8-4ec4-ae53-6edea14b9192
In a Free State,VS Naipaul,2018,bd2def92-c184-4091-9c60-4933560f3705
Michael Ondaatje,Warlight,2018,30ef129a-9f0a-40a0-a090-6ef8e6dc46c5
"Yug Purush, Bharat Ratna, Atal Ji",Ramesh Pokhriyal,2018,35ca181d-c7ac-481c-8f1a-57edc0a72909
Moon Tiger,Penelope Lively,2018,01196b34-399a-44d0-a3d6-05a05b2ac95f
Wolf Hall,Hilary Mantel,2018,4a2f3332-842e-4587-b4e2-1a7c075f45e3
Lincoln in the Bardo,George Saunders,2018,a454bbe4-9d66-44fb-908c-5ee55c189fa5
The Only Story,Julian Barnes,2018,7c67bc23-1785-48b4-a8ed-f49dc72447cf
Like a Psalm,Perumbadavam Sreedharan,2018,664ea0cb-f6ec-421a-ab01-79c322009bcd
Indian Cultures as Heritage: Contemporary Pasts,Romila Thapar,2018,948e93b1-5167-481d-b201-4c0d5389d0e4
Note by Note: The India Story 1947-2017,"Ankur Bhardwaj, Seema Chishti and Sushant Singh",2018,bfa99e17-93ff-4ec1-9691-728f5697f777
Vedvigyan Alok (Maharishi Aitareya Mahidas Praneet - Aitareya Brahmina ki Vaigyanik Vyakhya),Acharya Agnivarat Naishthik,2018,96ef31fc-ee7f-4714-ae1e-7aa7d7acac97
The Billionaire Raj: A Journey Through India's New Guided Age,James Crabtree,2018,857385ce-2666-4aff-b77b-b4abaa6a98e9
India Moving: A History of Migration,Chinmay Tumbe,2018,a09db5b4-9288-4944-a622-613ead598646
Blessings from Beijing: Inside China's Softpower War on Tibet,Greg Bruno,2018,2631cb08-bab1-4742-8f3b-ee53b15fd289
The Unending Game: Insights into Espionage,Vikram Sood,2018,14a81773-97eb-4ff6-84f9-1947c9c87c3a
Straight Talk,Abhishek Manu Singhvi,2018,a2fb1da5-e2e8-4c24-a7ca-4f2313deb8ec
The President Is Missing,Bill Clinton and James Patterson,2018,995c5dff-2475-40f1-8389-6ced0d473dfd
Vernon Subutex,Virginie Despentes,2018,3f646a3b-8871-4e15-bdcc-16491ebd39f0
The White Book,Han Kang,2018,391cf31f-2302-4196-8b42-5c919bbb0663
The World Goes On,Laszlo Krasznahorkai,2018,04242423-931e-4137-aed7-117923c0f419
Like a Fading Shadow,Antonio Munoz Molina,2018,7c0008cb-95ef-4622-95bc-fe21a9c65771
Frankenstein in Baghdad,Ahmed Saadawi,2018,c3cc8500-5f24-4c01-884f-9525f024908f
Flights,Olga Tokarczuk,2018,ba9e8ea5-a8bc-499b-8c6c-85d79cfad1cc
Travails with the Alien,Satyajit Ray,2018,7383def7-1678-4b81-980f-8b83d86a7c5f
The Spy Chronicles: RAW ISI and the Illusion of Peace,"Asdulat, Aditya Sinha, Asad Durrani",2018,9e4c55f2-6042-4996-a836-f2ee4c882237
The Zero Cost Mission/The Wily Agent,Amar Bhushan,2018,96b0215a-c389-4a2b-9f3e-0b61bd5b187c
The Most Dangerous Place: A History of the United States in South Asia,Srinath Raghavan,2018,742318a8-dc71-4d5d-af31-df96d5a39975
Eleven Gods and a Billion lndians,Boria Majumdar,2018,239a6a39-ad1d-4eda-bf72-4570d772c146
Syama Prasad Mookerjee: Life and Times,Tathagata Roy,2018,f40b12c2-105d-44ce-8efc-2b128a04ffab
Republic of Caste,Anand Teltumbde,2018,2b711d74-8d7a-4dcc-932f-bbc6c86e85dc
Gandhi: The Years That Changed the World (1914-1948),Ramachandra Guha,2018,6d9a76d3-4695-4a0a-8488-c19981c65dad
The Way I See It,"Gauri Lankesh, edited by writer and sociologist Chandan Gowda",2018,5fc3e7a6-497b-41e0-bb84-4f6ac1ecef28
Rebel Sultans: The Deccan from Khilji to Shivaji,Manu Pillai,2018,e3e47b58-7ab7-4da9-8820-dc44197569bc
From Kargil to Coup: Events That Shook Pakistan,Nasim Sehra,2018,45735979-3338-4ad2-905a-656f1f1ddcca
Kashmir: Glimpses of History and the Story of Struggle,Saifuddin Soz,2018,b41065d4-81c5-4f24-8ac2-8a763d985134
President’s Lady,Sangeeta Ghosh,2018,a235ae3f-ba43-4434-89bd-9e00dc0199c8
Republic of Caste: Thinking Equality in the Time of Neo-liberal Hindutva,Anand Teltumbde,2018,4f109717-852f-4f8c-930c-7c772427fc66
Missing,Sumana Roy,2018,612dd14a-f8c7-4585-84e5-37fd23d7d688
God Save the Hon'ble Supreme Court,Fali S Nariman,2018,3bd9cce6-dc92-43ee-a8c9-52851a573123
Pakistan Adrift: Navigating Troubled Waters,Asad Durrani,2018,edad249d-39c0-424a-a9dc-64992c779c01
Ten ldeologies: The Great Asymmetry Between Agrariansm and Industrialism,S Jaipal Reddy,2018,a422b14c-3546-4595-b565-0ef176e83576
Mann Ki Baat – A Social Revolution on Radio,Devendra Fadnavis,2018,603f82b9-b3ef-4808-9f6c-f2cfa6edc252
